County,School breakfast program participants %,Summer Food service Participants %,National School Lunch Program Participants,Percent Students eligible for free lunch,Snap Redemptions,SNAP Participants,Snap Benefits per Capita,WIC Participants
Hampshire,2.255217461,0.73371868,8.041595247,20.2411362,5.836374199,12.96342661,6.446630398,1.844194669
Norfolk,2.255217461,0.7337188,8.041595247,13.49992636,7.672879748,12.96342661,8.056321582,1.844194669
Berkshire,2.255217461,0.73371868,8.041595247,32.64403469,9.100387913,12.96342661,19.03306686,1.844194669
Franklin,2.255217461,0.73371868,8.041595247,31.94005505,5.95072003,12.96342661,13.70985821,1.844194669
