County,Snap Redemptions,SNAP Participants,Snap Benefits per Capita,National School Lunch Program Participants,Percent Students eligible for free lunch,School breakfast program participants %,Summer Food service Participants %,WIC Participants
Hampshire,5.836374199,12.96342661,6.446630398,8.041595247,20.2411362,2.255217461,0.73371868,1.844194669
Norfolk,7.672879748,12.96342661,8.056321582,8.041595247,13.49992636,2.255217461,0.7337188,1.844194669
Berkshire,9.100387913,12.96342661,19.03306686,8.041595247,32.64403469,2.255217461,0.73371868,1.844194669
Franklin,5.95072003,12.96342661,13.70985821,8.041595247,31.94005505,2.255217461,0.73371868,1.844194669
Barnstable,5.091441972,12.96342661,11.2917346,8.041595247,19.76065932,2.255217461,0.73371868,1.844194669
