id,Rate08,Rate11,Change
25001,13.8,14.1,0.021276596
25003,9.9,13.4,0.26119403
25005,14.4,16.4,0.12195122
25007,14.6,17.8,0.179775281
25009,20.7,20.7,0
25011,15.1,13.6,-0.110294118
25013,16.2,16,-0.0125
25015,12.3,10.8,-0.138888889
25017,18,16.2,-0.111111111
25019,16.2,25,0.352
25021,12.9,12.1,-0.066115702
25023,16.3,14.5,-0.124137931
25025,17.1,17,-0.005882353
25027,16.6,15.9,-0.044025157
